reboot-id,:joydev-physical-path,:evdev-id-path,:name,:usb-address,:pci-address,:evdev-symlink-target,:evdev-physical-path,:joydev-id-path,:joydev-symlink-target
0,/dev/input/by-path/pci-0000:2c:00.1-usb-0:1.4.4:1.0-joystick,/dev/input/by-id/usb-VIRPIL_Controls_20220720_L-VPC_Stick_MT-50CM2_FF-event-joystick,L-VPC_Stick_MT-50CM2,0:1.4.4:1.0,0000:2c:00.1,/dev/input/event26,/dev/input/by-path/pci-0000:2c:00.1-usb-0:1.4.4:1.0-event-joystick,/dev/input/by-id/usb-VIRPIL_Controls_20220720_L-VPC_Stick_MT-50CM2_FF-joystick,/dev/input/js2
0,/dev/input/by-path/pci-0000:2c:00.1-usb-0:1.4.2:1.0-joystick,/dev/input/by-id/usb-VIRPIL_Controls_20220720_VPC_SharKa-50_Panel_FF-event-joystick,VPC_SharKa-50_Panel,0:1.4.2:1.0,0000:2c:00.1,/dev/input/event27,/dev/input/by-path/pci-0000:2c:00.1-usb-0:1.4.2:1.0-event-joystick,/dev/input/by-id/usb-VIRPIL_Controls_20220720_VPC_SharKa-50_Panel_FF-joystick,/dev/input/js3
0,/dev/input/by-path/pci-0000:2c:00.1-usb-0:1.4.4:1.0-joystick,/dev/input/by-id/usb-VIRPIL_Controls_20220720_VPC_Stick_MT-50CM2_FF-event-joystick,VPC_Stick_MT-50CM2,0:1.4.3:1.0,0000:2c:00.1,/dev/input/event28,/dev/input/by-path/pci-0000:2c:00.1-usb-0:1.4.3:1.0-event-joystick,/dev/input/by-id/usb-VIRPIL_Controls_20220720_L-VPC_Stick_MT-50CM2_FF-joystick,/dev/input/js2
0,/dev/input/by-path/pci-0000:2c:00.1-usb-0:1.4.1:1.0-joystick,/dev/input/by-id/usb-VIRPIL_Controls_20220720_VPC_Throttle_MT-50CM3_FF-event-joystick,VPC_Throttle_MT-50CM3,0:1.4.1:1.0,0000:2c:00.1,/dev/input/event10,/dev/input/by-path/pci-0000:2c:00.1-usb-0:1.4.1:1.0-event-joystick,/dev/input/by-id/usb-VIRPIL_Controls_20220720_VPC_Throttle_MT-50CM3_FF-joystick,/dev/input/js1
1,/dev/input/by-path/pci-0000:2c:00.1-usb-0:1.4.4:1.0-joystick,/dev/input/by-id/usb-VIRPIL_Controls_20220720_L-VPC_Stick_MT-50CM2_FF-event-joystick,L-VPC_Stick_MT-50CM2,0:1.4.4:1.0,0000:2c:00.1,/dev/input/event28,/dev/input/by-path/pci-0000:2c:00.1-usb-0:1.4.4:1.0-event-joystick,/dev/input/by-id/usb-VIRPIL_Controls_20220720_L-VPC_Stick_MT-50CM2_FF-joystick,/dev/input/js4
1,/dev/input/by-path/pci-0000:2c:00.1-usb-0:1.4.2:1.0-joystick,/dev/input/by-id/usb-VIRPIL_Controls_20220720_VPC_SharKa-50_Panel_FF-event-joystick,VPC_SharKa-50_Panel,0:1.4.2:1.0,0000:2c:00.1,/dev/input/event26,/dev/input/by-path/pci-0000:2c:00.1-usb-0:1.4.2:1.0-event-joystick,/dev/input/by-id/usb-VIRPIL_Controls_20220720_VPC_SharKa-50_Panel_FF-joystick,/dev/input/js2
1,/dev/input/by-path/pci-0000:2c:00.1-usb-0:1.4.3:1.0-joystick,/dev/input/by-id/usb-VIRPIL_Controls_20220720_VPC_Stick_MT-50CM2_FF-event-joystick,VPC_Stick_MT-50CM2,0:1.4.3:1.0,0000:2c:00.1,/dev/input/event27,/dev/input/by-path/pci-0000:2c:00.1-usb-0:1.4.3:1.0-event-joystick,/dev/input/by-id/usb-VIRPIL_Controls_20220720_VPC_Stick_MT-50CM2_FF-joystick,/dev/input/js3
1,/dev/input/by-path/pci-0000:2c:00.1-usb-0:1.4.1:1.0-joystick,/dev/input/by-id/usb-VIRPIL_Controls_20220720_VPC_Throttle_MT-50CM3_FF-event-joystick,VPC_Throttle_MT-50CM3,0:1.4.1:1.0,0000:2c:00.1,/dev/input/event10,/dev/input/by-path/pci-0000:2c:00.1-usb-0:1.4.1:1.0-event-joystick,/dev/input/by-id/usb-VIRPIL_Controls_20220720_VPC_Throttle_MT-50CM3_FF-joystick,/dev/input/js1
2,/dev/input/by-path/pci-0000:2c:00.1-usbv2-0:1.4.4:1.0-joystick,/dev/input/by-id/usb-VIRPIL_Controls_20220720_L-VPC_Stick_MT-50CM2_FF-event-joystick,L-VPC_Stick_MT-50CM2,0:1.4.4:1.0,0000:2c:00.1,/dev/input/event28,/dev/input/by-path/pci-0000:2c:00.1-usb-0:1.4.4:1.0-event-joystick,/dev/input/by-id/usb-VIRPIL_Controls_20220720_L-VPC_Stick_MT-50CM2_FF-joystick,/dev/input/js4
2,/dev/input/by-path/pci-0000:2c:00.1-usbv2-0:1.4.2:1.0-joystick,/dev/input/by-id/usb-VIRPIL_Controls_20220720_VPC_SharKa-50_Panel_FF-event-joystick,VPC_SharKa-50_Panel,0:1.4.2:1.0,0000:2c:00.1,/dev/input/event11,/dev/input/by-path/pci-0000:2c:00.1-usbv2-0:1.4.2:1.0-event-joystick,/dev/input/by-id/usb-VIRPIL_Controls_20220720_VPC_SharKa-50_Panel_FF-joystick,/dev/input/js2
2,/dev/input/by-path/pci-0000:2c:00.1-usbv2-0:1.4.3:1.0-joystick,/dev/input/by-id/usb-VIRPIL_Controls_20220720_VPC_Stick_MT-50CM2_FF-event-joystick,VPC_Stick_MT-50CM2,0:1.4.3:1.0,0000:2c:00.1,/dev/input/event27,/dev/input/by-path/pci-0000:2c:00.1-usbv2-0:1.4.3:1.0-event-joystick,/dev/input/by-id/usb-VIRPIL_Controls_20220720_VPC_Stick_MT-50CM2_FF-joystick,/dev/input/js3
2,/dev/input/by-path/pci-0000:2c:00.1-usbv2-0:1.4.1:1.0-joystick,/dev/input/by-id/usb-VIRPIL_Controls_20220720_VPC_Throttle_MT-50CM3_FF-event-joystick,VPC_Throttle_MT-50CM3,0:1.4.1:1.0,0000:2c:00.1,/dev/input/event10,/dev/input/by-path/pci-0000:2c:00.1-usbv2-0:1.4.1:1.0-event-joystick,/dev/input/by-id/usb-VIRPIL_Controls_20220720_VPC_Throttle_MT-50CM3_FF-joystick,/dev/input/js1
3,/dev/input/by-path/pci-0000:2c:00.1-usbv2-0:1.4.4:1.0-joystick,/dev/input/by-id/usb-VIRPIL_Controls_20220720_L-VPC_Stick_MT-50CM2_FF-event-joystick,L-VPC_Stick_MT-50CM2,0:1.4.4:1.0,0000:2c:00.1,/dev/input/event28,/dev/input/by-path/pci-0000:2c:00.1-usbv2-0:1.4.4:1.0-event-joystick,/dev/input/by-id/usb-VIRPIL_Controls_20220720_L-VPC_Stick_MT-50CM2_FF-joystick,/dev/input/js4
3,/dev/input/by-path/pci-0000:2c:00.1-usb-0:1.4.2:1.0-joystick,/dev/input/by-id/usb-VIRPIL_Controls_20220720_VPC_SharKa-50_Panel_FF-event-joystick,VPC_SharKa-50_Panel,0:1.4.2:1.0,0000:2c:00.1,/dev/input/event26,/dev/input/by-path/pci-0000:2c:00.1-usbv2-0:1.4.2:1.0-event-joystick,/dev/input/by-id/usb-VIRPIL_Controls_20220720_VPC_SharKa-50_Panel_FF-joystick,/dev/input/js2
3,/dev/input/by-path/pci-0000:2c:00.1-usbv2-0:1.4.3:1.0-joystick,/dev/input/by-id/usb-VIRPIL_Controls_20220720_VPC_Stick_MT-50CM2_FF-event-joystick,VPC_Stick_MT-50CM2,0:1.4.3:1.0,0000:2c:00.1,/dev/input/event27,/dev/input/by-path/pci-0000:2c:00.1-usbv2-0:1.4.3:1.0-event-joystick,/dev/input/by-id/usb-VIRPIL_Controls_20220720_VPC_Stick_MT-50CM2_FF-joystick,/dev/input/js3
3,/dev/input/by-path/pci-0000:2c:00.1-usbv2-0:1.4.1:1.0-joystick,/dev/input/by-id/usb-VIRPIL_Controls_20220720_VPC_Throttle_MT-50CM3_FF-event-joystick,VPC_Throttle_MT-50CM3,0:1.4.1:1.0,0000:2c:00.1,/dev/input/event10,/dev/input/by-path/pci-0000:2c:00.1-usb-0:1.4.1:1.0-event-joystick,/dev/input/by-id/usb-VIRPIL_Controls_20220720_VPC_Throttle_MT-50CM3_FF-joystick,/dev/input/js1
4,/dev/input/by-path/pci-0000:2c:00.1-usb-0:1.4.4:1.0-joystick,/dev/input/by-id/usb-VIRPIL_Controls_20220720_L-VPC_Stick_MT-50CM2_FF-event-joystick,L-VPC_Stick_MT-50CM2,0:1.4.4:1.0,0000:2c:00.1,/dev/input/event27,/dev/input/by-path/pci-0000:2c:00.1-usbv2-0:1.4.4:1.0-event-joystick,/dev/input/by-id/usb-VIRPIL_Controls_20220720_L-VPC_Stick_MT-50CM2_FF-joystick,/dev/input/js3
4,/dev/input/by-path/pci-0000:2c:00.1-usbv2-0:1.4.2:1.0-joystick,/dev/input/by-id/usb-VIRPIL_Controls_20220720_VPC_SharKa-50_Panel_FF-event-joystick,VPC_SharKa-50_Panel,0:1.4.2:1.0,0000:2c:00.1,/dev/input/event28,/dev/input/by-path/pci-0000:2c:00.1-usbv2-0:1.4.2:1.0-event-joystick,/dev/input/by-id/usb-VIRPIL_Controls_20220720_VPC_SharKa-50_Panel_FF-joystick,/dev/input/js4
4,/dev/input/by-path/pci-0000:2c:00.1-usbv2-0:1.4.3:1.0-joystick,/dev/input/by-id/usb-VIRPIL_Controls_20220720_VPC_Stick_MT-50CM2_FF-event-joystick,VPC_Stick_MT-50CM2,0:1.4.3:1.0,0000:2c:00.1,/dev/input/event26,/dev/input/by-path/pci-0000:2c:00.1-usbv2-0:1.4.3:1.0-event-joystick,/dev/input/by-id/usb-VIRPIL_Controls_20220720_VPC_Stick_MT-50CM2_FF-joystick,/dev/input/js2
4,/dev/input/by-path/pci-0000:2c:00.1-usbv2-0:1.4.1:1.0-joystick,/dev/input/by-id/usb-VIRPIL_Controls_20220720_VPC_Throttle_MT-50CM3_FF-event-joystick,VPC_Throttle_MT-50CM3,0:1.4.1:1.0,0000:2c:00.1,/dev/input/event10,/dev/input/by-path/pci-0000:2c:00.1-usbv2-0:1.4.1:1.0-event-joystick,/dev/input/by-id/usb-VIRPIL_Controls_20220720_VPC_Throttle_MT-50CM3_FF-joystick,/dev/input/js1
5,/dev/input/by-path/pci-0000:2c:00.1-usb-0:1.4.4:1.0-joystick,/dev/input/by-id/usb-VIRPIL_Controls_20220720_L-VPC_Stick_MT-50CM2_FF-event-joystick,L-VPC_Stick_MT-50CM2,0:1.4.4:1.0,0000:2c:00.1,/dev/input/event28,/dev/input/by-path/pci-0000:2c:00.1-usbv2-0:1.4.4:1.0-event-joystick,/dev/input/by-id/usb-VIRPIL_Controls_20220720_L-VPC_Stick_MT-50CM2_FF-joystick,/dev/input/js4
5,/dev/input/by-path/pci-0000:2c:00.1-usbv2-0:1.4.2:1.0-joystick,/dev/input/by-id/usb-VIRPIL_Controls_20220720_VPC_SharKa-50_Panel_FF-event-joystick,VPC_SharKa-50_Panel,0:1.4.2:1.0,0000:2c:00.1,/dev/input/event11,/dev/input/by-path/pci-0000:2c:00.1-usb-0:1.4.2:1.0-event-joystick,/dev/input/by-id/usb-VIRPIL_Controls_20220720_VPC_SharKa-50_Panel_FF-joystick,/dev/input/js2
5,/dev/input/by-path/pci-0000:2c:00.1-usb-0:1.4.3:1.0-joystick,/dev/input/by-id/usb-VIRPIL_Controls_20220720_VPC_Stick_MT-50CM2_FF-event-joystick,VPC_Stick_MT-50CM2,0:1.4.3:1.0,0000:2c:00.1,/dev/input/event26,/dev/input/by-path/pci-0000:2c:00.1-usbv2-0:1.4.3:1.0-event-joystick,/dev/input/by-id/usb-VIRPIL_Controls_20220720_VPC_Stick_MT-50CM2_FF-joystick,/dev/input/js3
5,/dev/input/by-path/pci-0000:2c:00.1-usb-0:1.4.1:1.0-joystick,/dev/input/by-id/usb-VIRPIL_Controls_20220720_VPC_Throttle_MT-50CM3_FF-event-joystick,VPC_Throttle_MT-50CM3,0:1.4.1:1.0,0000:2c:00.1,/dev/input/event10,/dev/input/by-path/pci-0000:2c:00.1-usbv2-0:1.4.1:1.0-event-joystick,/dev/input/by-id/usb-VIRPIL_Controls_20220720_VPC_Throttle_MT-50CM3_FF-joystick,/dev/input/js1
6,/dev/input/by-path/pci-0000:2c:00.1-usb-0:1.4.4:1.0-joystick,/dev/input/by-id/usb-VIRPIL_Controls_20220720_L-VPC_Stick_MT-50CM2_FF-event-joystick,L-VPC_Stick_MT-50CM2,0:1.4.4:1.0,0000:2c:00.1,/dev/input/event28,/dev/input/by-path/pci-0000:2c:00.1-usbv2-0:1.4.4:1.0-event-joystick,/dev/input/by-id/usb-VIRPIL_Controls_20220720_L-VPC_Stick_MT-50CM2_FF-joystick,/dev/input/js4
6,/dev/input/by-path/pci-0000:2c:00.1-usbv2-0:1.4.2:1.0-joystick,/dev/input/by-id/usb-VIRPIL_Controls_20220720_VPC_SharKa-50_Panel_FF-event-joystick,VPC_SharKa-50_Panel,0:1.4.2:1.0,0000:2c:00.1,/dev/input/event26,/dev/input/by-path/pci-0000:2c:00.1-usbv2-0:1.4.2:1.0-event-joystick,/dev/input/by-id/usb-VIRPIL_Controls_20220720_VPC_SharKa-50_Panel_FF-joystick,/dev/input/js2
6,/dev/input/by-path/pci-0000:2c:00.1-usb-0:1.4.3:1.0-joystick,/dev/input/by-id/usb-VIRPIL_Controls_20220720_VPC_Stick_MT-50CM2_FF-event-joystick,VPC_Stick_MT-50CM2,0:1.4.3:1.0,0000:2c:00.1,/dev/input/event27,/dev/input/by-path/pci-0000:2c:00.1-usb-0:1.4.3:1.0-event-joystick,/dev/input/by-id/usb-VIRPIL_Controls_20220720_VPC_Stick_MT-50CM2_FF-joystick,/dev/input/js3
6,/dev/input/by-path/pci-0000:2c:00.1-usb-0:1.4.1:1.0-joystick,/dev/input/by-id/usb-VIRPIL_Controls_20220720_VPC_Throttle_MT-50CM3_FF-event-joystick,VPC_Throttle_MT-50CM3,0:1.4.1:1.0,0000:2c:00.1,/dev/input/event10,/dev/input/by-path/pci-0000:2c:00.1-usb-0:1.4.1:1.0-event-joystick,/dev/input/by-id/usb-VIRPIL_Controls_20220720_VPC_Throttle_MT-50CM3_FF-joystick,/dev/input/js1
7,/dev/input/by-path/pci-0000:2c:00.1-usbv2-0:1.4.4:1.0-joystick,/dev/input/by-id/usb-VIRPIL_Controls_20220720_L-VPC_Stick_MT-50CM2_FF-event-joystick,L-VPC_Stick_MT-50CM2,0:1.4.4:1.0,0000:2c:00.1,/dev/input/event28,/dev/input/by-path/pci-0000:2c:00.1-usb-0:1.4.4:1.0-event-joystick,/dev/input/by-id/usb-VIRPIL_Controls_20220720_L-VPC_Stick_MT-50CM2_FF-joystick,/dev/input/js4
7,/dev/input/by-path/pci-0000:2c:00.1-usb-0:1.4.2:1.0-joystick,/dev/input/by-id/usb-VIRPIL_Controls_20220720_VPC_SharKa-50_Panel_FF-event-joystick,VPC_SharKa-50_Panel,0:1.4.2:1.0,0000:2c:00.1,/dev/input/event26,/dev/input/by-path/pci-0000:2c:00.1-usb-0:1.4.2:1.0-event-joystick,/dev/input/by-id/usb-VIRPIL_Controls_20220720_VPC_SharKa-50_Panel_FF-joystick,/dev/input/js2
7,/dev/input/by-path/pci-0000:2c:00.1-usbv2-0:1.4.3:1.0-joystick,/dev/input/by-id/usb-VIRPIL_Controls_20220720_VPC_Stick_MT-50CM2_FF-event-joystick,VPC_Stick_MT-50CM2,0:1.4.3:1.0,0000:2c:00.1,/dev/input/event27,/dev/input/by-path/pci-0000:2c:00.1-usbv2-0:1.4.3:1.0-event-joystick,/dev/input/by-id/usb-VIRPIL_Controls_20220720_VPC_Stick_MT-50CM2_FF-joystick,/dev/input/js3
7,/dev/input/by-path/pci-0000:2c:00.1-usb-0:1.4.1:1.0-joystick,/dev/input/by-id/usb-VIRPIL_Controls_20220720_VPC_Throttle_MT-50CM3_FF-event-joystick,VPC_Throttle_MT-50CM3,0:1.4.1:1.0,0000:2c:00.1,/dev/input/event10,/dev/input/by-path/pci-0000:2c:00.1-usb-0:1.4.1:1.0-event-joystick,/dev/input/by-id/usb-VIRPIL_Controls_20220720_VPC_Throttle_MT-50CM3_FF-joystick,/dev/input/js1
8,/dev/input/by-path/pci-0000:2c:00.1-usbv2-0:1.4.4:1.0-joystick,/dev/input/by-id/usb-VIRPIL_Controls_20220720_L-VPC_Stick_MT-50CM2_FF-event-joystick,L-VPC_Stick_MT-50CM2,0:1.4.4:1.0,0000:2c:00.1,/dev/input/event28,/dev/input/by-path/pci-0000:2c:00.1-usbv2-0:1.4.4:1.0-event-joystick,/dev/input/by-id/usb-VIRPIL_Controls_20220720_L-VPC_Stick_MT-50CM2_FF-joystick,/dev/input/js4
8,/dev/input/by-path/pci-0000:2c:00.1-usbv2-0:1.4.2:1.0-joystick,/dev/input/by-id/usb-VIRPIL_Controls_20220720_VPC_SharKa-50_Panel_FF-event-joystick,VPC_SharKa-50_Panel,0:1.4.2:1.0,0000:2c:00.1,/dev/input/event26,/dev/input/by-path/pci-0000:2c:00.1-usb-0:1.4.2:1.0-event-joystick,/dev/input/by-id/usb-VIRPIL_Controls_20220720_VPC_SharKa-50_Panel_FF-joystick,/dev/input/js2
8,/dev/input/by-path/pci-0000:2c:00.1-usb-0:1.4.3:1.0-joystick,/dev/input/by-id/usb-VIRPIL_Controls_20220720_VPC_Stick_MT-50CM2_FF-event-joystick,VPC_Stick_MT-50CM2,0:1.4.3:1.0,0000:2c:00.1,/dev/input/event27,/dev/input/by-path/pci-0000:2c:00.1-usb-0:1.4.3:1.0-event-joystick,/dev/input/by-id/usb-VIRPIL_Controls_20220720_VPC_Stick_MT-50CM2_FF-joystick,/dev/input/js3
8,/dev/input/by-path/pci-0000:2c:00.1-usbv2-0:1.4.1:1.0-joystick,/dev/input/by-id/usb-VIRPIL_Controls_20220720_VPC_Throttle_MT-50CM3_FF-event-joystick,VPC_Throttle_MT-50CM3,0:1.4.1:1.0,0000:2c:00.1,/dev/input/event25,/dev/input/by-path/pci-0000:2c:00.1-usbv2-0:1.4.1:1.0-event-joystick,/dev/input/by-id/usb-VIRPIL_Controls_20220720_VPC_Throttle_MT-50CM3_FF-joystick,/dev/input/js1
9,/dev/input/by-path/pci-0000:2c:00.1-usbv2-0:1.4.4:1.0-joystick,/dev/input/by-id/usb-VIRPIL_Controls_20220720_L-VPC_Stick_MT-50CM2_FF-event-joystick,L-VPC_Stick_MT-50CM2,0:1.4.4:1.0,0000:2c:00.1,/dev/input/event26,/dev/input/by-path/pci-0000:2c:00.1-usbv2-0:1.4.4:1.0-event-joystick,/dev/input/by-id/usb-VIRPIL_Controls_20220720_L-VPC_Stick_MT-50CM2_FF-joystick,/dev/input/js2
9,/dev/input/by-path/pci-0000:2c:00.1-usbv2-0:1.4.2:1.0-joystick,/dev/input/by-id/usb-VIRPIL_Controls_20220720_VPC_SharKa-50_Panel_FF-event-joystick,VPC_SharKa-50_Panel,0:1.4.2:1.0,0000:2c:00.1,/dev/input/event27,/dev/input/by-path/pci-0000:2c:00.1-usbv2-0:1.4.2:1.0-event-joystick,/dev/input/by-id/usb-VIRPIL_Controls_20220720_VPC_SharKa-50_Panel_FF-joystick,/dev/input/js3
9,/dev/input/by-path/pci-0000:2c:00.1-usb-0:1.4.3:1.0-joystick,/dev/input/by-id/usb-VIRPIL_Controls_20220720_VPC_Stick_MT-50CM2_FF-event-joystick,VPC_Stick_MT-50CM2,0:1.4.3:1.0,0000:2c:00.1,/dev/input/event28,/dev/input/by-path/pci-0000:2c:00.1-usbv2-0:1.4.3:1.0-event-joystick,/dev/input/by-id/usb-VIRPIL_Controls_20220720_VPC_Stick_MT-50CM2_FF-joystick,/dev/input/js4
9,/dev/input/by-path/pci-0000:2c:00.1-usbv2-0:1.4.1:1.0-joystick,/dev/input/by-id/usb-VIRPIL_Controls_20220720_VPC_Throttle_MT-50CM3_FF-event-joystick,VPC_Throttle_MT-50CM3,0:1.4.1:1.0,0000:2c:00.1,/dev/input/event10,/dev/input/by-path/pci-0000:2c:00.1-usb-0:1.4.1:1.0-event-joystick,/dev/input/by-id/usb-VIRPIL_Controls_20220720_VPC_Throttle_MT-50CM3_FF-joystick,/dev/input/js1
10,/dev/input/by-path/pci-0000:2c:00.1-usbv2-0:1.4.4:1.0-joystick,/dev/input/by-id/usb-VIRPIL_Controls_20220720_L-VPC_Stick_MT-50CM2_FF-event-joystick,L-VPC_Stick_MT-50CM2,0:1.4.4:1.0,0000:2c:00.1,/dev/input/event27,/dev/input/by-path/pci-0000:2c:00.1-usbv2-0:1.4.4:1.0-event-joystick,/dev/input/by-id/usb-VIRPIL_Controls_20220720_L-VPC_Stick_MT-50CM2_FF-joystick,/dev/input/js3
10,/dev/input/by-path/pci-0000:2c:00.1-usb-0:1.4.2:1.0-joystick,/dev/input/by-id/usb-VIRPIL_Controls_20220720_VPC_SharKa-50_Panel_FF-event-joystick,VPC_SharKa-50_Panel,0:1.4.2:1.0,0000:2c:00.1,/dev/input/event28,/dev/input/by-path/pci-0000:2c:00.1-usb-0:1.4.2:1.0-event-joystick,/dev/input/by-id/usb-VIRPIL_Controls_20220720_VPC_SharKa-50_Panel_FF-joystick,/dev/input/js4
10,/dev/input/by-path/pci-0000:2c:00.1-usb-0:1.4.3:1.0-joystick,/dev/input/by-id/usb-VIRPIL_Controls_20220720_VPC_Stick_MT-50CM2_FF-event-joystick,VPC_Stick_MT-50CM2,0:1.4.3:1.0,0000:2c:00.1,/dev/input/event26,/dev/input/by-path/pci-0000:2c:00.1-usbv2-0:1.4.3:1.0-event-joystick,/dev/input/by-id/usb-VIRPIL_Controls_20220720_VPC_Stick_MT-50CM2_FF-joystick,/dev/input/js2
10,/dev/input/by-path/pci-0000:2c:00.1-usb-0:1.4.1:1.0-joystick,/dev/input/by-id/usb-VIRPIL_Controls_20220720_VPC_Throttle_MT-50CM3_FF-event-joystick,VPC_Throttle_MT-50CM3,0:1.4.1:1.0,0000:2c:00.1,/dev/input/event10,/dev/input/by-path/pci-0000:2c:00.1-usb-0:1.4.1:1.0-event-joystick,/dev/input/by-id/usb-VIRPIL_Controls_20220720_VPC_Throttle_MT-50CM3_FF-joystick,/dev/input/js1
11,/dev/input/by-path/pci-0000:2c:00.1-usb-0:1.4.4:1.0-joystick,/dev/input/by-id/usb-VIRPIL_Controls_20220720_L-VPC_Stick_MT-50CM2_FF-event-joystick,L-VPC_Stick_MT-50CM2,0:1.4.4:1.0,0000:2c:00.1,/dev/input/event28,/dev/input/by-path/pci-0000:2c:00.1-usbv2-0:1.4.4:1.0-event-joystick,/dev/input/by-id/usb-VIRPIL_Controls_20220720_L-VPC_Stick_MT-50CM2_FF-joystick,/dev/input/js4
11,/dev/input/by-path/pci-0000:2c:00.1-usb-0:1.4.2:1.0-joystick,/dev/input/by-id/usb-VIRPIL_Controls_20220720_VPC_SharKa-50_Panel_FF-event-joystick,VPC_SharKa-50_Panel,0:1.4.2:1.0,0000:2c:00.1,/dev/input/event26,/dev/input/by-path/pci-0000:2c:00.1-usbv2-0:1.4.2:1.0-event-joystick,/dev/input/by-id/usb-VIRPIL_Controls_20220720_VPC_SharKa-50_Panel_FF-joystick,/dev/input/js2
11,/dev/input/by-path/pci-0000:2c:00.1-usb-0:1.4.4:1.0-joystick,/dev/input/by-id/usb-VIRPIL_Controls_20220720_VPC_Stick_MT-50CM2_FF-event-joystick,VPC_Stick_MT-50CM2,0:1.4.3:1.0,0000:2c:00.1,/dev/input/event27,/dev/input/by-path/pci-0000:2c:00.1-usbv2-0:1.4.3:1.0-event-joystick,/dev/input/by-id/usb-VIRPIL_Controls_20220720_L-VPC_Stick_MT-50CM2_FF-joystick,/dev/input/js4
11,/dev/input/by-path/pci-0000:2c:00.1-usbv2-0:1.4.1:1.0-joystick,/dev/input/by-id/usb-VIRPIL_Controls_20220720_VPC_Throttle_MT-50CM3_FF-event-joystick,VPC_Throttle_MT-50CM3,0:1.4.1:1.0,0000:2c:00.1,/dev/input/event10,/dev/input/by-path/pci-0000:2c:00.1-usbv2-0:1.4.1:1.0-event-joystick,/dev/input/by-id/usb-VIRPIL_Controls_20220720_VPC_Throttle_MT-50CM3_FF-joystick,/dev/input/js1
12,/dev/input/by-path/pci-0000:2c:00.1-usb-0:1.4.4:1.0-joystick,/dev/input/by-id/usb-VIRPIL_Controls_20220720_L-VPC_Stick_MT-50CM2_FF-event-joystick,L-VPC_Stick_MT-50CM2,0:1.4.4:1.0,0000:2c:00.1,/dev/input/event28,/dev/input/by-path/pci-0000:2c:00.1-usbv2-0:1.4.4:1.0-event-joystick,/dev/input/by-id/usb-VIRPIL_Controls_20220720_L-VPC_Stick_MT-50CM2_FF-joystick,/dev/input/js4
12,/dev/input/by-path/pci-0000:2c:00.1-usbv2-0:1.4.2:1.0-joystick,/dev/input/by-id/usb-VIRPIL_Controls_20220720_VPC_SharKa-50_Panel_FF-event-joystick,VPC_SharKa-50_Panel,0:1.4.2:1.0,0000:2c:00.1,/dev/input/event26,/dev/input/by-path/pci-0000:2c:00.1-usb-0:1.4.2:1.0-event-joystick,/dev/input/by-id/usb-VIRPIL_Controls_20220720_VPC_SharKa-50_Panel_FF-joystick,/dev/input/js2
12,/dev/input/by-path/pci-0000:2c:00.1-usbv2-0:1.4.3:1.0-joystick,/dev/input/by-id/usb-VIRPIL_Controls_20220720_VPC_Stick_MT-50CM2_FF-event-joystick,VPC_Stick_MT-50CM2,0:1.4.3:1.0,0000:2c:00.1,/dev/input/event27,/dev/input/by-path/pci-0000:2c:00.1-usbv2-0:1.4.3:1.0-event-joystick,/dev/input/by-id/usb-VIRPIL_Controls_20220720_VPC_Stick_MT-50CM2_FF-joystick,/dev/input/js3
12,/dev/input/by-path/pci-0000:2c:00.1-usbv2-0:1.4.1:1.0-joystick,/dev/input/by-id/usb-VIRPIL_Controls_20220720_VPC_Throttle_MT-50CM3_FF-event-joystick,VPC_Throttle_MT-50CM3,0:1.4.1:1.0,0000:2c:00.1,/dev/input/event10,/dev/input/by-path/pci-0000:2c:00.1-usbv2-0:1.4.1:1.0-event-joystick,/dev/input/by-id/usb-VIRPIL_Controls_20220720_VPC_Throttle_MT-50CM3_FF-joystick,/dev/input/js1
13,/dev/input/by-path/pci-0000:2c:00.1-usb-0:1.4.4:1.0-joystick,/dev/input/by-id/usb-VIRPIL_Controls_20220720_L-VPC_Stick_MT-50CM2_FF-event-joystick,L-VPC_Stick_MT-50CM2,0:1.4.4:1.0,0000:2c:00.1,/dev/input/event27,/dev/input/by-path/pci-0000:2c:00.1-usbv2-0:1.4.4:1.0-event-joystick,/dev/input/by-id/usb-VIRPIL_Controls_20220720_L-VPC_Stick_MT-50CM2_FF-joystick,/dev/input/js3
13,/dev/input/by-path/pci-0000:2c:00.1-usb-0:1.4.2:1.0-joystick,/dev/input/by-id/usb-VIRPIL_Controls_20220720_VPC_SharKa-50_Panel_FF-event-joystick,VPC_SharKa-50_Panel,0:1.4.2:1.0,0000:2c:00.1,/dev/input/event28,/dev/input/by-path/pci-0000:2c:00.1-usbv2-0:1.4.2:1.0-event-joystick,/dev/input/by-id/usb-VIRPIL_Controls_20220720_VPC_SharKa-50_Panel_FF-joystick,/dev/input/js4
13,/dev/input/by-path/pci-0000:2c:00.1-usbv2-0:1.4.3:1.0-joystick,/dev/input/by-id/usb-VIRPIL_Controls_20220720_VPC_Stick_MT-50CM2_FF-event-joystick,VPC_Stick_MT-50CM2,0:1.4.3:1.0,0000:2c:00.1,/dev/input/event26,/dev/input/by-path/pci-0000:2c:00.1-usb-0:1.4.3:1.0-event-joystick,/dev/input/by-id/usb-VIRPIL_Controls_20220720_VPC_Stick_MT-50CM2_FF-joystick,/dev/input/js2
13,/dev/input/by-path/pci-0000:2c:00.1-usb-0:1.4.1:1.0-joystick,/dev/input/by-id/usb-VIRPIL_Controls_20220720_VPC_Throttle_MT-50CM3_FF-event-joystick,VPC_Throttle_MT-50CM3,0:1.4.1:1.0,0000:2c:00.1,/dev/input/event10,/dev/input/by-path/pci-0000:2c:00.1-usb-0:1.4.1:1.0-event-joystick,/dev/input/by-id/usb-VIRPIL_Controls_20220720_VPC_Throttle_MT-50CM3_FF-joystick,/dev/input/js1
14,/dev/input/by-path/pci-0000:2c:00.1-usb-0:1.4.4:1.0-joystick,/dev/input/by-id/usb-VIRPIL_Controls_20220720_L-VPC_Stick_MT-50CM2_FF-event-joystick,L-VPC_Stick_MT-50CM2,0:1.4.4:1.0,0000:2c:00.1,/dev/input/event27,/dev/input/by-path/pci-0000:2c:00.1-usbv2-0:1.4.4:1.0-event-joystick,/dev/input/by-id/usb-VIRPIL_Controls_20220720_L-VPC_Stick_MT-50CM2_FF-joystick,/dev/input/js3
14,/dev/input/by-path/pci-0000:2c:00.1-usb-0:1.4.2:1.0-joystick,/dev/input/by-id/usb-VIRPIL_Controls_20220720_VPC_SharKa-50_Panel_FF-event-joystick,VPC_SharKa-50_Panel,0:1.4.2:1.0,0000:2c:00.1,/dev/input/event28,/dev/input/by-path/pci-0000:2c:00.1-usbv2-0:1.4.2:1.0-event-joystick,/dev/input/by-id/usb-VIRPIL_Controls_20220720_VPC_SharKa-50_Panel_FF-joystick,/dev/input/js4
14,/dev/input/by-path/pci-0000:2c:00.1-usbv2-0:1.4.3:1.0-joystick,/dev/input/by-id/usb-VIRPIL_Controls_20220720_VPC_Stick_MT-50CM2_FF-event-joystick,VPC_Stick_MT-50CM2,0:1.4.3:1.0,0000:2c:00.1,/dev/input/event26,/dev/input/by-path/pci-0000:2c:00.1-usb-0:1.4.3:1.0-event-joystick,/dev/input/by-id/usb-VIRPIL_Controls_20220720_VPC_Stick_MT-50CM2_FF-joystick,/dev/input/js2
14,/dev/input/by-path/pci-0000:2c:00.1-usb-0:1.4.1:1.0-joystick,/dev/input/by-id/usb-VIRPIL_Controls_20220720_VPC_Throttle_MT-50CM3_FF-event-joystick,VPC_Throttle_MT-50CM3,0:1.4.1:1.0,0000:2c:00.1,/dev/input/event10,/dev/input/by-path/pci-0000:2c:00.1-usb-0:1.4.1:1.0-event-joystick,/dev/input/by-id/usb-VIRPIL_Controls_20220720_VPC_Throttle_MT-50CM3_FF-joystick,/dev/input/js1
15,/dev/input/by-path/pci-0000:2c:00.1-usbv2-0:1.4.4:1.0-joystick,/dev/input/by-id/usb-VIRPIL_Controls_20220720_L-VPC_Stick_MT-50CM2_FF-event-joystick,L-VPC_Stick_MT-50CM2,0:1.4.4:1.0,0000:2c:00.1,/dev/input/event28,/dev/input/by-path/pci-0000:2c:00.1-usbv2-0:1.4.4:1.0-event-joystick,/dev/input/by-id/usb-VIRPIL_Controls_20220720_L-VPC_Stick_MT-50CM2_FF-joystick,/dev/input/js4
15,/dev/input/by-path/pci-0000:2c:00.1-usb-0:1.4.2:1.0-joystick,/dev/input/by-id/usb-VIRPIL_Controls_20220720_VPC_SharKa-50_Panel_FF-event-joystick,VPC_SharKa-50_Panel,0:1.4.2:1.0,0000:2c:00.1,/dev/input/event26,/dev/input/by-path/pci-0000:2c:00.1-usbv2-0:1.4.2:1.0-event-joystick,/dev/input/by-id/usb-VIRPIL_Controls_20220720_VPC_SharKa-50_Panel_FF-joystick,/dev/input/js2
15,/dev/input/by-path/pci-0000:2c:00.1-usb-0:1.4.3:1.0-joystick,/dev/input/by-id/usb-VIRPIL_Controls_20220720_VPC_Stick_MT-50CM2_FF-event-joystick,VPC_Stick_MT-50CM2,0:1.4.3:1.0,0000:2c:00.1,/dev/input/event27,/dev/input/by-path/pci-0000:2c:00.1-usb-0:1.4.3:1.0-event-joystick,/dev/input/by-id/usb-VIRPIL_Controls_20220720_VPC_Stick_MT-50CM2_FF-joystick,/dev/input/js3
15,/dev/input/by-path/pci-0000:2c:00.1-usbv2-0:1.4.1:1.0-joystick,/dev/input/by-id/usb-VIRPIL_Controls_20220720_VPC_Throttle_MT-50CM3_FF-event-joystick,VPC_Throttle_MT-50CM3,0:1.4.1:1.0,0000:2c:00.1,/dev/input/event10,/dev/input/by-path/pci-0000:2c:00.1-usb-0:1.4.1:1.0-event-joystick,/dev/input/by-id/usb-VIRPIL_Controls_20220720_VPC_Throttle_MT-50CM3_FF-joystick,/dev/input/js1
16,/dev/input/by-path/pci-0000:2c:00.1-usb-0:1.4.4:1.0-joystick,/dev/input/by-id/usb-VIRPIL_Controls_20220720_L-VPC_Stick_MT-50CM2_FF-event-joystick,L-VPC_Stick_MT-50CM2,0:1.4.4:1.0,0000:2c:00.1,/dev/input/event28,/dev/input/by-path/pci-0000:2c:00.1-usb-0:1.4.4:1.0-event-joystick,/dev/input/by-id/usb-VIRPIL_Controls_20220720_L-VPC_Stick_MT-50CM2_FF-joystick,/dev/input/js4
16,/dev/input/by-path/pci-0000:2c:00.1-usb-0:1.4.2:1.0-joystick,/dev/input/by-id/usb-VIRPIL_Controls_20220720_VPC_SharKa-50_Panel_FF-event-joystick,VPC_SharKa-50_Panel,0:1.4.2:1.0,0000:2c:00.1,/dev/input/event26,/dev/input/by-path/pci-0000:2c:00.1-usb-0:1.4.2:1.0-event-joystick,/dev/input/by-id/usb-VIRPIL_Controls_20220720_VPC_SharKa-50_Panel_FF-joystick,/dev/input/js2
16,/dev/input/by-path/pci-0000:2c:00.1-usbv2-0:1.4.3:1.0-joystick,/dev/input/by-id/usb-VIRPIL_Controls_20220720_VPC_Stick_MT-50CM2_FF-event-joystick,VPC_Stick_MT-50CM2,0:1.4.3:1.0,0000:2c:00.1,/dev/input/event27,/dev/input/by-path/pci-0000:2c:00.1-usbv2-0:1.4.3:1.0-event-joystick,/dev/input/by-id/usb-VIRPIL_Controls_20220720_VPC_Stick_MT-50CM2_FF-joystick,/dev/input/js3
16,/dev/input/by-path/pci-0000:2c:00.1-usbv2-0:1.4.1:1.0-joystick,/dev/input/by-id/usb-VIRPIL_Controls_20220720_VPC_Throttle_MT-50CM3_FF-event-joystick,VPC_Throttle_MT-50CM3,0:1.4.1:1.0,0000:2c:00.1,/dev/input/event10,/dev/input/by-path/pci-0000:2c:00.1-usbv2-0:1.4.1:1.0-event-joystick,/dev/input/by-id/usb-VIRPIL_Controls_20220720_VPC_Throttle_MT-50CM3_FF-joystick,/dev/input/js1
